Y,Temp,Humidity,Wind Speed,Weekend,Region,TimeOfDay
3859.54,28,0.89,1.5,0,Delhi,Night
3799.13,28,0.89,1.5,0,Delhi,Night
3745.025,28,0.89,1.5,0,Delhi,Night
3750.525,28,0.89,1.5,0,Delhi,Night
3682.44,28,0.89,1.5,0,Delhi,Night
3648.405,27,0.94,1.5,0,Delhi,Night
3536.965,27,0.94,2.1,0,Delhi,Night
3466.28,27,1.00,1.5,0,Delhi,Night
3372.465,27,1.00,1.5,0,Delhi,Night
3321.36,27,1.00,1,0,Delhi,Morning
3315.26,27,1.00,1,0,Delhi,Morning
3271.065,27,1.00,1.5,0,Delhi,Morning
3314.895,27,1.00,1.5,0,Delhi,Morning
3287.965,27,1.00,2.1,0,Delhi,Morning
3324.815,27,1.00,2.1,0,Delhi,Morning
3428.23,28,0.94,2.1,0,Delhi,Morning
3481.32,28,0.94,2.1,0,Delhi,Morning
3539.3,28,0.94,2.1,0,Delhi,Morning
3845.635,28,0.94,2.1,0,Delhi,Morning
4055.71,28,0.94,4.1,0,Delhi,Morning
4223.82,29,0.84,3.6,0,Delhi,Morning
4174.945,29,0.84,3.1,0,Delhi,Morning
4177.485,29,0.84,3.6,0,Delhi,Morning
4229.825,29,0.84,3.6,0,Delhi,Afternoon
4391.635,30,0.79,4.6,0,Delhi,Afternoon
4368.73,30,0.79,4.6,0,Delhi,Afternoon
4225.605,31,0.70,5.1,0,Delhi,Afternoon
4220.2,31,0.70,4.6,0,Delhi,Afternoon
4481.02,32,0.66,4.1,0,Delhi,Afternoon
4574.615,32,0.66,4.1,0,Delhi,Afternoon
4595.43,32,0.66,4.6,0,Delhi,Afternoon
4456.605,31,0.70,6.2,0,Delhi,Afternoon
4370.675,30,0.70,6.2,0,Delhi,Afternoon
4204.64,30,0.74,4.6,0,Delhi,Afternoon
4123.455,30,0.74,4.1,0,Delhi,Afternoon
4112.57,30,0.74,4.1,0,Delhi,Evening
4026.16,30,0.74,4.1,0,Delhi,Evening
4114.44,29,0.74,3.1,0,Delhi,Evening
4119.42,29,0.74,4.1,0,Delhi,Evening
3993.85,27,0.89,5.7,0,Delhi,Evening
3892.02,27,0.89,5.1,0,Delhi,Evening
3836.49,27,0.89,4.1,0,Delhi,Evening
3813.1,27,0.89,1,0,Delhi,Evening
3939.07,27,0.89,1,0,Delhi,Night
4015.49,27,0.89,1,0,Delhi,Night
4090.255,27,0.89,2.1,0,Delhi,Night
4097.39,27,0.94,1.5,0,Delhi,Night
4018.06,27,0.94,2.1,0,Delhi,Night
3886.325,27,0.94,1,0,Delhi,Night
3807.255,27,0.94,1,0,Delhi,Night
3744.37,27,0.94,1,0,Delhi,Night
3747.005,27,0.94,2.6,0,Delhi,Night
3655.64,27,0.94,2.1,0,Delhi,Night
3594.28,27,0.94,3.1,0,Delhi,Night
3491.79,27,0.94,3.1,0,Delhi,Night
3499.26,27,0.94,2.6,0,Delhi,Night
3498.255,27,0.94,2.1,0,Delhi,Night
3488.865,27,0.94,2.1,0,Delhi,Morning
3493.72,27,0.94,2.6,0,Delhi,Morning
3495.935,27,0.94,2.6,0,Delhi,Morning
3344.415,27,0.94,3.1,0,Delhi,Morning
3361.11,27,0.94,2.6,0,Delhi,Morning
3350.92,27,0.94,2.6,0,Delhi,Morning
3329.725,28,0.89,2.1,0,Delhi,Morning
3423.295,28,0.89,2.1,0,Delhi,Morning
3488.94,29,0.84,4.1,0,Delhi,Morning
3637.475,29,0.84,4.1,0,Delhi,Morning
3918.285,30,0.79,3.1,0,Delhi,Morning
4138.17,30,0.79,3.1,0,Delhi,Morning
4261.24,30,0.79,3.1,0,Delhi,Morning
4290.57,31,0.75,3.1,0,Delhi,Morning
4322.865,32,0.70,3.1,0,Delhi,Afternoon
4352.65,32,0.70,2.1,0,Delhi,Afternoon
4357.525,33,0.66,4.1,0,Delhi,Afternoon
4160.245,33,0.63,4.1,0,Delhi,Afternoon
4143.175,33,0.63,5.1,0,Delhi,Afternoon
4301.045,34,0.59,5.1,0,Delhi,Afternoon
4437.83,34,0.59,4.6,0,Delhi,Afternoon
4544.455,34,0.59,3.1,0,Delhi,Afternoon
4535.795,35,0.56,3.6,0,Delhi,Afternoon
4605.355,35,0.49,3.1,0,Delhi,Afternoon
4420.785,31,0.75,6.2,0,Delhi,Afternoon
4236.98,27,0.94,2.6,0,Delhi,Afternoon
4244.33,27,0.94,1,0,Delhi,Evening
4125.27,27,0.94,1,0,Delhi,Evening
4048.02,27,0.94,1,0,Delhi,Evening
4041.265,29,0.84,1.5,0,Delhi,Evening
4163.215,29,0.84,2.6,0,Delhi,Evening
4188.115,29,0.79,2.6,0,Delhi,Evening
4133.035,29,0.84,1.5,0,Delhi,Evening
4127.1,29,0.84,2.1,0,Delhi,Evening
4219.14,29,0.84,2.1,0,Delhi,Night
4371.88,29,0.84,2.1,0,Delhi,Night
4400.32,29,0.84,3.1,0,Delhi,Night
4431.54,29,0.84,2.1,0,Delhi,Night
4344.625,29,0.84,3.1,0,Delhi,Night
4165.435,28,0.84,3.1,0,Delhi,Night
4015.135,28,0.84,2.6,0,Delhi,Night
3893.675,28,0.84,1.5,0,Delhi,Night
3848.31,27,0.89,1.5,0,Delhi,Night
3665.595,27,0.89,1,0,Delhi,Night
3590.71,27,0.89,1,0,Delhi,Night
3558.595,27,0.89,1,0,Delhi,Night
3565.655,27,0.89,1,0,Delhi,Night
3474.3,27,0.89,2.1,0,Delhi,Night
3427,27,0.89,2.1,0,Delhi,Morning
3396.485,27,0.89,1.5,0,Delhi,Morning
3415.415,27,0.89,1.5,0,Delhi,Morning
3404.44,27,0.89,1.5,0,Delhi,Morning
3428.58,28,0.89,2.1,0,Delhi,Morning
3446.38,28,0.89,3.1,0,Delhi,Morning
3447.685,29,0.84,4.1,0,Delhi,Morning
3507.36,30,0.70,4.1,0,Delhi,Morning
3537.67,30,0.66,4.1,0,Delhi,Morning
3735.775,31,0.62,4.1,0,Delhi,Morning
3855.975,32,0.62,3.6,0,Delhi,Morning
4112.92,32,0.62,4.1,0,Delhi,Morning
4250.525,33,0.63,4.1,0,Delhi,Morning
4430.87,34,0.56,4.1,0,Delhi,Morning
4509.765,34,0.56,4.1,0,Delhi,Afternoon
4552.005,34,0.56,5.1,0,Delhi,Afternoon
4516.2,35,0.56,4.6,0,Delhi,Afternoon
4472.38,35,0.56,4.1,0,Delhi,Afternoon
4486.985,35,0.56,4.6,0,Delhi,Afternoon
4660.405,35,0.56,4.6,0,Delhi,Afternoon
4783.965,35,0.43,3,0,Delhi,Afternoon
4862.06,35,0.56,4.6,0,Delhi,Afternoon
4881.435,35,0.56,4.6,0,Delhi,Afternoon
4789.155,35,0.56,4.1,0,Delhi,Afternoon
4710.945,35,0.56,4.1,0,Delhi,Afternoon
4586.32,35,0.56,4.6,0,Delhi,Afternoon
4535.835,35,0.56,4.1,0,Delhi,Evening
4451.445,35,0.56,3.6,0,Delhi,Evening
4491.19,35,0.56,3.1,0,Delhi,Evening
4513.96,35,0.56,3.1,0,Delhi,Evening
4436.605,34,0.59,3.1,0,Delhi,Evening
4483.31,34,0.59,3.1,0,Delhi,Evening
4545.79,33,0.63,2.6,0,Delhi,Evening
4650.575,33,0.63,2.6,0,Delhi,Evening
4789.965,32,0.62,2.6,0,Delhi,Night
4903.495,32,0.62,2.1,0,Delhi,Night
4976.89,32,0.62,2.1,0,Delhi,Night
4964.495,32,0.62,2.1,0,Delhi,Night
4911.63,32,0.62,2.1,0,Delhi,Night
4847.445,31,0.70,2.1,0,Delhi,Night
4728.54,31,0.70,2.1,0,Delhi,Night
4586.845,31,0.70,1,0,Delhi,Night
4346.48,31,0.70,1.5,0,Delhi,Night
4222.625,31,0.70,1,0,Delhi,Night
4125.12,31,0.70,1,0,Delhi,Night
3963.62,30,0.74,1,0,Delhi,Night
3915.555,30,0.74,1,0,Delhi,Night
3853.785,30,0.74,2.1,0,Delhi,Night
3776.985,30,0.74,2.6,0,Delhi,Morning
3747.225,30,0.74,3.6,0,Delhi,Morning
3767.085,30,0.74,3.1,0,Delhi,Morning
3834.505,29,0.79,3.1,0,Delhi,Morning
3830.46,29,0.79,2.6,0,Delhi,Morning
3793.555,29,0.84,3.1,0,Delhi,Morning
3746.755,29,0.84,3.1,0,Delhi,Morning
3857.635,29,0.84,2.1,0,Delhi,Morning
3900.635,29,0.84,2.1,0,Delhi,Morning
4085.89,30,0.79,3.1,0,Delhi,Morning
4233,31,0.75,3.1,0,Delhi,Morning
4370.65,32,0.70,3.1,0,Delhi,Morning
4622.69,32,0.66,3.1,0,Delhi,Morning
4790.19,34,0.63,4.1,0,Delhi,Morning
4858.805,34,0.63,4.1,0,Delhi,Afternoon
4894.38,34,0.63,4.1,0,Delhi,Afternoon
4829.595,34,0.59,4.1,0,Delhi,Afternoon
4611.68,35,0.56,4.6,0,Delhi,Afternoon
4607.19,35,0.56,4.1,0,Delhi,Afternoon
4815.805,35,0.56,4.1,0,Delhi,Afternoon
5121.555,35,0.56,5.1,0,Delhi,Afternoon
5274.845,35,0.56,5.1,0,Delhi,Afternoon
5260.3,35,0.56,5.1,0,Delhi,Afternoon
5201.27,35,0.56,5.1,0,Delhi,Afternoon
5126.7,35,0.56,3.1,0,Delhi,Afternoon
4978.76,35,0.56,4.1,0,Delhi,Afternoon
4909.475,35,0.56,4.1,0,Delhi,Evening
4676.21,35,0.56,4.1,0,Delhi,Evening
4664.405,34,0.63,4.1,0,Delhi,Evening
4677,34,0.63,4.1,0,Delhi,Evening
4733.85,33,0.63,4.1,0,Delhi,Evening
4762.66,33,0.63,4.1,0,Delhi,Evening
4824,33,0.63,2.6,0,Delhi,Evening
4906.5,32,0.66,2.6,0,Delhi,Evening
5047.705,32,0.70,3.1,0,Delhi,Night
5220.52,32,0.66,3.1,0,Delhi,Night
5276.735,32,0.66,3.1,0,Delhi,Night
5293.755,32,0.66,3.1,0,Delhi,Night
5221.34,31,0.75,3.1,0,Delhi,Night
5060.505,31,0.75,3.1,0,Delhi,Night
4893.23,31,0.75,3.1,0,Delhi,Night
4692.95,31,0.75,2.1,0,Delhi,Night
4535.215,31,0.75,1.5,0,Delhi,Night
4407.19,30,0.79,2.1,0,Delhi,Night
4300.235,30,0.79,2.6,0,Delhi,Night
4253.34,30,0.79,2.1,0,Delhi,Night
4179.99,30,0.79,1.5,0,Delhi,Night
4096.45,30,0.79,2.1,0,Delhi,Night
4024.225,30,0.84,2.1,0,Delhi,Morning
3999.965,30,0.84,2.6,0,Delhi,Morning
3960.065,29,0.89,2.1,0,Delhi,Morning
3988.065,29,0.89,2.1,0,Delhi,Morning
3983.27,29,0.89,2.1,0,Delhi,Morning
3968.45,29,0.89,2.1,0,Delhi,Morning
3917.615,29,0.89,2.6,0,Delhi,Morning
4012.63,31,0.79,2.1,0,Delhi,Morning
4099.23,31,0.79,2.6,0,Delhi,Morning
4269.565,32,0.75,3.6,0,Delhi,Morning
4443.275,33,0.71,2.6,0,Delhi,Morning
4597.395,33,0.71,3.1,0,Delhi,Morning
4789.895,33,0.71,3.1,0,Delhi,Morning
4890.71,34,0.63,3.1,0,Delhi,Morning
4892.535,34,0.63,3.1,0,Delhi,Afternoon
4938.825,34,0.63,3.6,0,Delhi,Afternoon
5000.875,34,0.63,3.1,0,Delhi,Afternoon
4837.685,35,0.59,3.1,0,Delhi,Afternoon
4943.795,35,0.59,2.6,0,Delhi,Afternoon
5213.7,35,0.56,4.1,0,Delhi,Afternoon
5332.725,35,0.56,4.1,0,Delhi,Afternoon
5479.34,35,0.56,4.6,0,Delhi,Afternoon
5459.015,35,0.56,4.1,0,Delhi,Afternoon
5372.06,36,0.56,3.6,0,Delhi,Afternoon
5233.88,36,0.53,3.1,0,Delhi,Afternoon
5124.03,36,0.53,3.1,0,Delhi,Afternoon
5045.785,36,0.53,2.6,0,Delhi,Evening
4820.13,36,0.53,3.1,0,Delhi,Evening
4884.835,36,0.53,3.1,0,Delhi,Evening
4808.59,35,0.56,2.6,0,Delhi,Evening
4851.665,35,0.56,2.6,0,Delhi,Evening
4867.575,34,0.59,2.6,0,Delhi,Evening
4906.595,34,0.63,2.1,0,Delhi,Evening
4950.075,34,0.63,2.6,0,Delhi,Evening
5011.62,34,0.63,2.1,0,Delhi,Night
5321.11,34,0.63,1.5,0,Delhi,Night
5376.525,33,0.66,2.1,0,Delhi,Night
5457.785,33,0.66,1.5,0,Delhi,Night
5361.925,33,0.66,1.5,0,Delhi,Night
5228.035,32,0.70,4.1,1,Delhi,Night
5045.415,32,0.70,3.1,1,Delhi,Night
4818.13,32,0.70,3.1,1,Delhi,Night
4737.315,31,0.70,2.1,1,Delhi,Night
4740.475,31,0.70,2.1,1,Delhi,Night
4653.43,31,0.70,2.1,1,Delhi,Night
4466.03,30,0.74,2.1,1,Delhi,Night
4421.34,30,0.79,1.5,1,Delhi,Night
4367.06,30,0.79,1.5,1,Delhi,Night
4343.08,30,0.84,1.5,1,Delhi,Morning
4273.475,30,0.84,1.5,1,Delhi,Morning
4174.94,30,0.84,2.6,1,Delhi,Morning
4117.27,30,0.84,1.5,1,Delhi,Morning
3979.44,30,0.84,2.6,1,Delhi,Morning
3990.47,30,0.84,2.6,1,Delhi,Morning
4039.43,30,0.84,2.6,1,Delhi,Morning
4124.925,31,0.79,2.6,1,Delhi,Morning
4091.465,30,0.84,2.1,1,Delhi,Morning
4074.12,30,0.84,2.1,1,Delhi,Morning
4012.56,30,0.84,2.1,1,Delhi,Morning
4160.46,28,0.94,4.1,1,Delhi,Morning
4276.555,27,0.94,4.1,1,Delhi,Morning
4467.84,27,0.94,5.1,1,Delhi,Morning
4598.85,27,0.94,4.6,1,Delhi,Afternoon
4544.02,27,0.94,6.2,1,Delhi,Afternoon
4560.435,27,0.94,6.7,1,Delhi,Afternoon
4470.275,28,0.89,4.1,1,Delhi,Afternoon
4451.285,29,0.84,4.1,1,Delhi,Afternoon
4499.505,30,0.74,3.1,1,Delhi,Afternoon
4552.075,30,0.74,3.1,1,Delhi,Afternoon
4712.2,31,0.70,4.1,1,Delhi,Afternoon
4569.6,31,0.66,4.1,1,Delhi,Afternoon
4618.275,31,0.66,2.1,1,Delhi,Afternoon
4470.925,32,0.62,2.6,1,Delhi,Afternoon
4312.055,33,0.59,3.1,1,Delhi,Afternoon
4246.51,32,0.62,3.1,1,Delhi,Evening
4231.18,31,0.66,3.1,1,Delhi,Evening
4196.48,31,0.66,2.6,1,Delhi,Evening
4107.735,31,0.66,2.6,1,Delhi,Evening
4124.37,30,0.70,3.1,1,Delhi,Evening
4291.165,30,0.70,3.1,1,Delhi,Evening
4331.005,30,0.70,3.1,1,Delhi,Evening
4457.56,30,0.70,3.1,1,Delhi,Evening
4577.75,30,0.70,3.1,1,Delhi,Night
4620.795,28,0.79,2.1,1,Delhi,Night
4716.735,28,0.84,2.1,1,Delhi,Night
4667.765,28,0.84,2.1,1,Delhi,Night
4557.63,28,0.84,2.1,1,Delhi,Night
4492.62,28,0.84,2.1,1,Delhi,Night
4383.01,28,0.84,2.1,1,Delhi,Night
4282.61,28,0.89,2.6,1,Delhi,Night
4203.025,28,0.84,2.1,1,Delhi,Night
4097.26,28,0.84,2.1,1,Delhi,Night
3989.52,28,0.84,2.1,1,Delhi,Night
3903.57,28,0.84,3.1,1,Delhi,Night
3781.8,28,0.84,2.1,1,Delhi,Night
3650.19,27,0.89,2.1,1,Delhi,Night
3633.32,27,0.89,2.1,1,Delhi,Morning
3620.215,27,0.89,2.1,1,Delhi,Morning
3599.29,27,0.94,2.6,1,Delhi,Morning
3574.095,27,0.94,2.6,1,Delhi,Morning
3525.525,28,0.89,2.1,1,Delhi,Morning
3532.31,29,0.84,2.6,1,Delhi,Morning
3566.625,29,0.84,2.6,1,Delhi,Morning
3589.12,31,0.75,3.1,1,Delhi,Morning
3594.485,31,0.75,3.1,1,Delhi,Morning
3675.17,31,0.70,3.1,1,Delhi,Morning
3777.495,33,0.63,5.1,1,Delhi,Morning
3864.645,34,0.59,4.6,1,Delhi,Morning
3953.89,34,0.59,5.1,1,Delhi,Morning
4047.595,34,0.59,4.6,1,Delhi,Morning
4120.745,34,0.59,4.1,1,Delhi,Afternoon
4163.74,35,0.56,4.1,1,Delhi,Afternoon
4129.695,35,0.56,4.1,1,Delhi,Afternoon
4060.2,35,0.56,4.1,1,Delhi,Afternoon
4231.035,35,0.56,4.1,1,Delhi,Afternoon
4408.81,35,0.59,4.1,1,Delhi,Afternoon
4499.43,35,0.59,4.6,1,Delhi,Afternoon
4561.915,35,0.59,4.1,1,Delhi,Afternoon
4526.33,35,0.59,4.6,1,Delhi,Afternoon
4463.935,35,0.56,4.6,1,Delhi,Afternoon
4391.605,35,0.56,4.6,1,Delhi,Afternoon
4314.27,35,0.56,4.1,1,Delhi,Afternoon
4260.655,35,0.56,4.6,1,Delhi,Evening
4112.2,34,0.59,4.1,1,Delhi,Evening
4083.785,34,0.59,4.1,1,Delhi,Evening
4204.35,34,0.59,2.6,1,Delhi,Evening
4298.215,34,0.59,3.1,1,Delhi,Evening
4441.46,33,0.63,2.6,1,Delhi,Evening
4569.99,33,0.63,2.6,1,Delhi,Evening
4700.195,33,0.63,2.6,1,Delhi,Evening
4807.51,32,0.66,2.1,1,Delhi,Night
4993.045,32,0.66,2.1,1,Delhi,Night
5170.905,32,0.66,2.1,1,Delhi,Night
5205.145,31,0.70,2.1,1,Delhi,Night
5143.29,31,0.70,2.1,1,Delhi,Night
4989.105,31,0.70,2.1,0,Delhi,Night
4907.585,31,0.70,1.5,0,Delhi,Night
4833.805,31,0.75,2.1,0,Delhi,Night
4708.855,31,0.75,2.1,0,Delhi,Night
4519.27,31,0.75,2.6,0,Delhi,Night
4435.4,30,0.79,2.1,0,Delhi,Night
4266.525,30,0.79,2.1,0,Delhi,Night
4220.14,30,0.79,2.1,0,Delhi,Night
4102.63,30,0.79,2.1,0,Delhi,Night
4039.51,30,0.79,2.1,0,Delhi,Morning
4005.08,29,0.84,2.6,0,Delhi,Morning
3964.865,29,0.84,2.6,0,Delhi,Morning
3922.15,29,0.84,2.6,0,Delhi,Morning
3878.93,29,0.84,3.1,0,Delhi,Morning
3849.105,29,0.84,2.6,0,Delhi,Morning
3862.735,30,0.79,3.1,0,Delhi,Morning
3933.82,31,0.75,3.1,0,Delhi,Morning
3961.83,32,0.70,4.1,0,Delhi,Morning
4197.605,32,0.70,3.6,0,Delhi,Morning
4391.805,33,0.66,4.1,0,Delhi,Morning
4543.675,33,0.63,5.1,0,Delhi,Morning
4622.185,33,0.63,4.6,0,Delhi,Morning
4730.14,34,0.59,4.6,0,Delhi,Morning
4927.395,34,0.59,4.6,0,Delhi,Afternoon
4982.28,34,0.59,4.1,0,Delhi,Afternoon
4948.13,34,0.59,4.1,0,Delhi,Afternoon
4612.93,35,0.56,4.1,0,Delhi,Afternoon
4653.74,35,0.56,4.1,0,Delhi,Afternoon
4834.445,35,0.56,4.1,0,Delhi,Afternoon
5075.45,35,0.59,4.6,0,Delhi,Afternoon
5204.875,34,0.59,4.1,0,Delhi,Afternoon
5212.195,35,0.56,4.1,0,Delhi,Afternoon
5113.09,35,0.56,4.1,0,Delhi,Afternoon
5069.905,35,0.56,4.1,0,Delhi,Afternoon
4927.515,35,0.56,5.1,0,Delhi,Afternoon
4922.945,34,0.59,5.1,0,Delhi,Evening
4730.415,34,0.59,4.6,0,Delhi,Evening
4682.885,34,0.59,4.6,0,Delhi,Evening
4686.975,34,0.63,3.6,0,Delhi,Evening
4740.4,33,0.66,4.6,0,Delhi,Evening
4781.21,32,0.70,2.1,0,Delhi,Evening
4709.955,32,0.70,1.5,0,Delhi,Evening
4833.44,32,0.70,2.1,0,Delhi,Evening
5024.15,32,0.70,2.1,0,Delhi,Night
5230.47,32,0.70,3.1,0,Delhi,Night
5324.495,30,0.70,3.6,0,Delhi,Night
5412.07,30,0.79,1.5,0,Delhi,Night
5305.965,29,0.84,2.1,0,Delhi,Night
5138.455,29,0.84,2.1,0,Delhi,Night
4991.795,29,0.84,2.1,0,Delhi,Night
4709.85,29,0.84,2.1,0,Delhi,Night
4562.16,29,0.84,2.1,0,Delhi,Night
4460.455,29,0.84,2.1,0,Delhi,Night
4388.19,29,0.84,1.5,0,Delhi,Night
4346.075,29,0.84,2.6,0,Delhi,Night
4314.725,29,0.84,3.1,0,Delhi,Night
4224.91,29,0.84,3.1,0,Delhi,Night
4161.88,29,0.84,2.6,0,Delhi,Morning
4204.7,29,0.84,3.1,0,Delhi,Morning
4143.265,29,0.84,3.1,0,Delhi,Morning
4115.565,29,0.84,4.1,0,Delhi,Morning
4120.09,29,0.84,3.1,0,Delhi,Morning
4061.575,29,0.84,3.1,0,Delhi,Morning
4028.9,29,0.84,2.6,0,Delhi,Morning
3963.865,29,0.84,2.6,0,Delhi,Morning
4158.92,30,0.79,4.6,0,Delhi,Morning
4363.805,31,0.75,4.1,0,Delhi,Morning
4383.935,31,0.75,4.6,0,Delhi,Morning
4538.965,32,0.70,4.1,0,Delhi,Morning
4637.81,32,0.70,4.1,0,Delhi,Morning
4727.07,33,0.66,4.6,0,Delhi,Morning
4748.605,32,0.70,4.1,0,Delhi,Afternoon
4846.76,32,0.70,4.1,0,Delhi,Afternoon
4801.745,33,0.66,5.1,0,Delhi,Afternoon
4727.72,33,0.66,5.1,0,Delhi,Afternoon
4838.685,34,0.63,5.1,0,Delhi,Afternoon
5048.315,34,0.63,4.1,0,Delhi,Afternoon
5219.145,34,0.63,4.1,0,Delhi,Afternoon
5378.505,34,0.63,4.1,0,Delhi,Afternoon
5291.63,34,0.63,4.1,0,Delhi,Afternoon
4877.27,31,0.75,4.6,0,Delhi,Afternoon
4924.455,30,0.79,3.6,0,Delhi,Afternoon
4591.85,29,0.84,4.1,0,Delhi,Afternoon
4559.945,28,0.84,3.1,0,Delhi,Evening
4491.915,29,0.84,2.1,0,Delhi,Evening
4469.86,29,0.84,1.5,0,Delhi,Evening
4491.85,29,0.84,1.5,0,Delhi,Evening
4668.28,29,0.89,1.5,0,Delhi,Evening
4752.81,29,0.89,2.1,0,Delhi,Evening
4843.775,29,0.89,2.1,0,Delhi,Evening
4932.94,29,0.89,2.1,0,Delhi,Evening
5029.59,29,0.84,2.1,0,Delhi,Night
5091.805,29,0.84,2.1,0,Delhi,Night
5156.095,29,0.84,2.1,0,Delhi,Night
5152.98,29,0.84,2.6,0,Delhi,Night
5041.14,29,0.84,2.6,0,Delhi,Night
4842.93,29,0.84,2.6,0,Delhi,Night
4723.64,29,0.84,2.6,0,Delhi,Night
4597.79,29,0.84,2.6,0,Delhi,Night
4300.71,29,0.84,2.6,0,Delhi,Night
4093.22,29,0.84,2.6,0,Delhi,Night
4031.145,29,0.84,2.1,0,Delhi,Night
4099.955,28,0.89,3.1,0,Delhi,Night
4148.755,28,0.89,3.6,0,Delhi,Night
3989.955,28,0.94,2.6,0,Delhi,Night
3901.12,28,0.94,3.1,0,Delhi,Morning
3864.185,28,0.94,2.6,0,Delhi,Morning
3796.315,28,0.94,2.6,0,Delhi,Morning
3778.13,28,0.94,3.1,0,Delhi,Morning
3772.295,28,0.94,3.1,0,Delhi,Morning
3805.25,28,0.94,3.1,0,Delhi,Morning
3832.14,29,0.89,2.6,0,Delhi,Morning
3872.735,29,0.84,4.1,0,Delhi,Morning
3921.83,30,0.79,4.1,0,Delhi,Morning
4210.275,30,0.79,4.1,0,Delhi,Morning
4362.66,31,0.75,3.1,0,Delhi,Morning
4602.37,31,0.75,4.6,0,Delhi,Morning
4728.505,31,0.75,5.1,0,Delhi,Morning
4688.995,31,0.75,5.1,0,Delhi,Morning
4742.525,31,0.75,4.6,0,Delhi,Afternoon
4756.965,32,0.66,4.6,0,Delhi,Afternoon
4769.45,31,0.75,4.1,0,Delhi,Afternoon
4651.745,31,0.75,4.1,0,Delhi,Afternoon
4676.935,32,0.66,4.1,0,Delhi,Afternoon
4835.735,33,0.66,4.6,0,Delhi,Afternoon
4967.27,33,0.66,4.1,0,Delhi,Afternoon
5065.6,33,0.66,4.6,0,Delhi,Afternoon
5070.21,32,0.70,3.1,0,Delhi,Afternoon
5044.43,32,0.70,2.1,0,Delhi,Afternoon
4942.955,32,0.70,2.1,0,Delhi,Afternoon
4688.97,32,0.70,3.6,0,Delhi,Afternoon
4607.465,32,0.70,4.1,0,Delhi,Evening
4523.985,32,0.70,4.1,0,Delhi,Evening
4506.35,27,0.94,4.6,0,Delhi,Evening
4536.355,27,0.94,3.1,0,Delhi,Evening
4622.925,27,1.00,3.1,0,Delhi,Evening
4677.78,27,1.00,3.6,0,Delhi,Evening
4655.225,28,0.94,2.6,0,Delhi,Evening
4670.725,28,0.94,3.1,0,Delhi,Evening
4772.86,28,0.94,3.1,0,Delhi,Night
4855.94,28,0.94,2.6,0,Delhi,Night
4967.475,28,0.89,3.1,0,Delhi,Night
4907.655,28,0.94,3.1,0,Delhi,Night
4842,28,0.94,3.1,0,Delhi,Night
1751.231665,26,1.00,5.1,0,Mumbai,Night
1668.494747,27,0.94,4.6,0,Mumbai,Night
1588.812025,26,1.00,4.1,0,Mumbai,Night
1533.632581,27,0.94,5.1,0,Mumbai,Night
1497.239155,25,1.00,3.6,0,Mumbai,Night
1470.436388,26,0.94,4.1,0,Mumbai,Night
1445.72506,26,0.94,4.1,0,Mumbai,Night
1426.832414,26,0.94,4.6,0,Mumbai,Night
1418.800062,27,0.94,5.1,0,Mumbai,Night
1415.20233,27,0.89,6.2,0,Mumbai,Morning
1463.760012,27,0.89,4.6,0,Mumbai,Morning
1525.984084,27,0.94,6.2,0,Mumbai,Morning
1621.143764,27,0.94,6.2,0,Mumbai,Morning
1694.966192,27,0.89,5.7,0,Mumbai,Morning
1764.616145,27,0.89,6.2,0,Mumbai,Morning
1868.580568,27,0.89,5.1,0,Mumbai,Morning
2013.156663,27,0.89,5.7,0,Mumbai,Morning
2158.573806,27,0.89,6.7,0,Mumbai,Morning
2310.694372,28,0.84,5.7,0,Mumbai,Morning
2452.544471,27,0.89,7.2,0,Mumbai,Morning
2555.746385,26,1.00,6.2,0,Mumbai,Morning
2642.180901,26,0.89,9.3,0,Mumbai,Morning
2677.845106,27,0.89,5.7,0,Mumbai,Morning
2691.141683,27,0.89,5.7,0,Mumbai,Afternoon
2676.057422,25,1.00,7.2,0,Mumbai,Afternoon
2645.422345,25,1.00,9.3,0,Mumbai,Afternoon
2555.291272,25,0.94,6.2,0,Mumbai,Afternoon
2522.040466,26,0.94,4.6,0,Mumbai,Afternoon
2537.427442,26,0.94,6.7,0,Mumbai,Afternoon
2536.364818,27,0.94,4.1,0,Mumbai,Afternoon
2525.512847,27,0.94,4.6,0,Mumbai,Afternoon
2519.262977,28,0.89,5.1,0,Mumbai,Afternoon
2506.6925,27,0.94,6.2,0,Mumbai,Afternoon
2485.579424,27,0.94,5.7,0,Mumbai,Afternoon
2450.935192,28,0.89,4.6,0,Mumbai,Afternoon
2378.02403,27,0.89,9.8,0,Mumbai,Evening
2344.131905,26,0.94,8.7,0,Mumbai,Evening
2377.174139,27,0.89,8.7,0,Mumbai,Evening
2396.099033,27,0.89,4.6,0,Mumbai,Evening
2401.04702,28,0.79,8.7,0,Mumbai,Evening
2353.905649,27,0.89,5.7,0,Mumbai,Evening
2290.572142,27,0.89,5.7,0,Mumbai,Evening
2200.960158,28,0.84,5.7,0,Mumbai,Evening
2123.056798,28,0.84,8.7,0,Mumbai,Night
2040.896182,28,0.89,7.7,0,Mumbai,Night
1980.610111,28,0.79,7.7,0,Mumbai,Night
1908.685114,28,0.84,8.2,0,Mumbai,Night
1831.348174,28,0.84,7.7,0,Mumbai,Night
1707.562155,28,0.84,8.2,0,Mumbai,Night
1625.571102,28,0.84,9.3,0,Mumbai,Night
1556.677936,27,0.89,7.2,0,Mumbai,Night
1511.85634,28,0.84,8.2,0,Mumbai,Night
1478.764694,27,0.89,6.2,0,Mumbai,Night
1458.755331,28,0.84,6.2,0,Mumbai,Night
1440.455633,28,0.84,7.2,0,Mumbai,Night
1428.160824,28,0.84,7.2,0,Mumbai,Night
1425.864454,27,0.89,6.2,0,Mumbai,Night
1424.820035,27,0.89,6.7,0,Mumbai,Morning
1477.889837,27,0.89,7.7,0,Mumbai,Morning
1546.770519,27,0.94,6.2,0,Mumbai,Morning
1638.250286,28,0.84,5.7,0,Mumbai,Morning
1696.12868,28,0.84,5.1,0,Mumbai,Morning
1772.042026,28,0.84,7.7,0,Mumbai,Morning
1873.376677,27,0.89,5.7,0,Mumbai,Morning
2018.642983,27,0.89,9.3,0,Mumbai,Morning
2164.755539,28,0.84,6.7,0,Mumbai,Morning
2311.126599,28,0.84,3.6,0,Mumbai,Morning
2450.840008,28,0.84,3.6,0,Mumbai,Morning
2542.494539,28,0.84,5.7,0,Mumbai,Morning
2625.924789,28,0.84,5.1,0,Mumbai,Morning
2662.756684,28,0.84,5.1,0,Mumbai,Morning
2665.091543,28,0.84,5.1,0,Mumbai,Afternoon
2652.728077,28,0.84,8.2,0,Mumbai,Afternoon
2619.957349,28,0.84,6.7,0,Mumbai,Afternoon
2527.899199,28,0.84,5.7,0,Mumbai,Afternoon
2498.086445,28,0.84,7.2,0,Mumbai,Afternoon
2515.435348,27,0.94,4.1,0,Mumbai,Afternoon
2513.419328,26,0.94,7.2,0,Mumbai,Afternoon
2495.621034,27,0.89,4.1,0,Mumbai,Afternoon
2483.994071,27,0.89,7.7,0,Mumbai,Afternoon
2477.126807,27,0.89,5.7,0,Mumbai,Afternoon
2454.673359,27,0.89,7.2,0,Mumbai,Afternoon
2436.856861,28,0.84,5.1,0,Mumbai,Afternoon
2400.390617,28,0.84,6.2,0,Mumbai,Evening
2371.203578,28,0.84,4.6,0,Mumbai,Evening
2367.208468,28,0.84,5.7,0,Mumbai,Evening
2386.119838,28,0.84,3.6,0,Mumbai,Evening
2390.715697,28,0.84,6.7,0,Mumbai,Evening
2356.033496,28,0.84,5.1,0,Mumbai,Evening
2298.62998,27,0.89,3.6,0,Mumbai,Evening
2205.19973,28,0.84,7.2,0,Mumbai,Evening
2128.383439,28,0.84,7.2,0,Mumbai,Night
2046.558827,28,0.84,7.2,0,Mumbai,Night
1979.590658,28,0.84,4.6,0,Mumbai,Night
1894.133985,28,0.89,4.6,0,Mumbai,Night
1809.803391,28,0.89,4.1,0,Mumbai,Night
1748.680953,28,0.89,5.1,0,Mumbai,Night
1668.251846,28,0.84,5.1,0,Mumbai,Night
1602.21575,28,0.84,4.1,0,Mumbai,Night
1549.970353,28,0.84,6.2,0,Mumbai,Night
1513.289816,28,0.84,6.2,0,Mumbai,Night
1488.223759,27,0.89,6.2,0,Mumbai,Night
1468.343909,28,0.84,4.1,0,Mumbai,Night
1454.126183,28,0.84,7.2,0,Mumbai,Night
1452.269323,28,0.84,7.2,0,Mumbai,Night
1451.621242,27,0.89,5.7,0,Mumbai,Morning
1504.641111,28,0.84,6.2,0,Mumbai,Morning
1573.055758,28,0.84,7.7,0,Mumbai,Morning
1651.232186,28,0.84,6.2,0,Mumbai,Morning
1722.496099,28,0.84,6.7,0,Mumbai,Morning
1813.607615,28,0.84,6.2,0,Mumbai,Morning
1931.527099,28,0.84,5.7,0,Mumbai,Morning
2080.464475,28,0.84,7.7,0,Mumbai,Morning
2243.101009,28,0.84,3.6,0,Mumbai,Morning
2405.302195,28,0.84,4.1,0,Mumbai,Morning
2536.708624,28,0.89,6.7,0,Mumbai,Morning
2620.493602,29,0.84,6.2,0,Mumbai,Morning
2691.624883,28,0.89,5.7,0,Mumbai,Morning
2706.546864,29,0.84,5.7,0,Mumbai,Morning
2708.556122,29,0.84,4.6,0,Mumbai,Afternoon
2674.875169,29,0.79,6.2,0,Mumbai,Afternoon
2622.600125,29,0.79,6.2,0,Mumbai,Afternoon
2538.624779,29,0.79,5.1,0,Mumbai,Afternoon
2485.719859,29,0.84,5.7,0,Mumbai,Afternoon
2488.692916,29,0.84,5.7,0,Mumbai,Afternoon
2486.560387,29,0.84,8.2,0,Mumbai,Afternoon
2480.831686,29,0.84,4.6,0,Mumbai,Afternoon
2480.538334,29,0.84,5.1,0,Mumbai,Afternoon
2474.700406,29,0.84,5.1,0,Mumbai,Afternoon
2454.414335,27,0.94,9.3,0,Mumbai,Afternoon
2438.118173,28,0.89,9.3,0,Mumbai,Afternoon
2412.332258,28,0.89,8.2,0,Mumbai,Evening
2379.35452,25,1.00,6.2,0,Mumbai,Evening
2370.937793,27,0.94,6.7,0,Mumbai,Evening
2381.556226,28,0.84,4.1,0,Mumbai,Evening
2387.229273,28,0.84,3.6,0,Mumbai,Evening
2357.085717,27,0.84,5.7,0,Mumbai,Evening
2304.648913,27,0.89,6.7,0,Mumbai,Evening
2215.970041,27,0.89,7.2,0,Mumbai,Evening
2152.411318,27,0.89,6.2,0,Mumbai,Night
2072.157495,27,0.89,8.7,0,Mumbai,Night
2003.848955,26,0.94,5.7,0,Mumbai,Night
1921.126079,27,0.89,6.2,0,Mumbai,Night
1839.31291,28,0.84,7.7,0,Mumbai,Night
1766.141163,28,0.89,5.7,0,Mumbai,Night
1681.002809,28,0.89,5.7,0,Mumbai,Night
1621.696141,28,0.89,6.7,0,Mumbai,Night
1574.55789,28,0.84,8.2,0,Mumbai,Night
1542.686986,27,0.94,7.7,0,Mumbai,Night
1513.792781,28,0.89,5.7,0,Mumbai,Night
1493.10361,28,0.84,5.7,0,Mumbai,Night
1477.673983,27,0.89,5.7,0,Mumbai,Night
1473.344429,27,0.89,6.7,0,Mumbai,Night
1477.554874,27,0.89,6.2,0,Mumbai,Morning
1525.586706,27,0.89,4.1,0,Mumbai,Morning
1593.02299,26,0.94,5.1,0,Mumbai,Morning
1678.389681,26,0.94,4.6,0,Mumbai,Morning
1744.563092,27,0.89,5.1,0,Mumbai,Morning
1834.034641,28,0.84,6.7,0,Mumbai,Morning
1949.483512,26,0.94,6.2,0,Mumbai,Morning
2098.584729,27,0.94,5.1,0,Mumbai,Morning
2265.716738,27,0.94,7.2,0,Mumbai,Morning
2426.676896,28,0.89,7.2,0,Mumbai,Morning
2565.045771,28,0.89,7.2,0,Mumbai,Morning
2662.605846,28,0.84,8.2,0,Mumbai,Morning
2734.701446,29,0.84,8.2,0,Mumbai,Morning
2756.565068,30,0.79,6.7,0,Mumbai,Morning
2766.117757,30,0.79,8.2,0,Mumbai,Afternoon
2738.766254,30,0.79,7.7,0,Mumbai,Afternoon
2695.248622,30,0.79,7.2,0,Mumbai,Afternoon
2612.086758,30,0.79,4.6,0,Mumbai,Afternoon
2562.801935,30,0.79,7.2,0,Mumbai,Afternoon
2556.851139,30,0.79,4.6,0,Mumbai,Afternoon
2562.566837,30,0.79,4.6,0,Mumbai,Afternoon
2557.162176,29,0.84,6.2,0,Mumbai,Afternoon
2543.445855,30,0.79,5.1,0,Mumbai,Afternoon
2539.376365,30,0.79,6.7,0,Mumbai,Afternoon
2527.923125,30,0.74,6.2,0,Mumbai,Afternoon
2508.957141,29,0.79,5.1,0,Mumbai,Afternoon
2479.07313,29,0.84,4.1,0,Mumbai,Evening
2448.475502,29,0.84,4.1,0,Mumbai,Evening
2447.977738,29,0.79,5.7,0,Mumbai,Evening
2457.235514,29,0.79,3.6,0,Mumbai,Evening
2440.132633,28,0.84,4.6,0,Mumbai,Evening
2393.916051,28,0.84,5.7,0,Mumbai,Evening
2345.834287,27,0.94,5.7,0,Mumbai,Evening
2270.448871,28,0.89,3.6,0,Mumbai,Evening
2204.176116,28,0.89,3.6,0,Mumbai,Night
2118.534797,28,0.89,3.6,0,Mumbai,Night
2041.146884,28,0.84,6.2,0,Mumbai,Night
1954.251014,28,0.89,3.6,0,Mumbai,Night
1863.42765,28,0.84,4.1,0,Mumbai,Night
1804.199001,28,0.84,4.6,0,Mumbai,Night
1715.005721,28,0.89,4.1,0,Mumbai,Night
1654.698325,28,0.84,3.6,0,Mumbai,Night
1598.356392,28,0.89,4.6,0,Mumbai,Night
1565.900863,28,0.84,4.1,0,Mumbai,Night
1533.868199,27,0.89,4.6,0,Mumbai,Night
1510.290752,27,0.94,3.6,0,Mumbai,Night
1494.089774,27,0.94,3.6,0,Mumbai,Night
1489.694684,27,0.89,3.6,0,Mumbai,Night
1488.875481,27,0.94,3.6,0,Mumbai,Morning
1539.861126,28,0.89,4.1,0,Mumbai,Morning
1604.867887,26,0.94,4.1,0,Mumbai,Morning
1685.730781,26,0.94,6.2,0,Mumbai,Morning
1752.442006,26,0.94,5.1,0,Mumbai,Morning
1836.494331,27,0.84,6.2,0,Mumbai,Morning
1937.58088,27,0.89,6.2,0,Mumbai,Morning
2101.218662,26,0.94,5.7,0,Mumbai,Morning
2298.38812,26,0.94,4.1,0,Mumbai,Morning
2473.780818,26,0.94,8.7,0,Mumbai,Morning
2607.150733,26,0.94,6.2,0,Mumbai,Morning
2702.483096,26,1.00,4.1,0,Mumbai,Morning
2789.714449,25,1.00,7.7,0,Mumbai,Morning
2798.14574,26,1.00,4.6,0,Mumbai,Morning
2803.402684,25,1.00,4.6,0,Mumbai,Afternoon
2774.926142,25,1.00,6.2,0,Mumbai,Afternoon
2734.468948,26,1.00,6.2,0,Mumbai,Afternoon
2653.344429,26,1.00,8.2,0,Mumbai,Afternoon
2623.713201,26,1.00,6.7,0,Mumbai,Afternoon
2632.74368,26,1.00,4.1,0,Mumbai,Afternoon
2634.492354,27,1.00,6.7,0,Mumbai,Afternoon
2633.100489,28,0.94,6.7,0,Mumbai,Afternoon
2624.741496,28,0.94,6.2,0,Mumbai,Afternoon
2619.4341,28,0.89,4.6,0,Mumbai,Afternoon
2606.570269,28,0.89,4.1,0,Mumbai,Afternoon
2576.950484,28,0.89,6.2,0,Mumbai,Afternoon
2541.569749,28,0.89,5.7,0,Mumbai,Evening
2505.586706,28,0.89,6.7,0,Mumbai,Evening
2478.374597,28,0.89,6.7,0,Mumbai,Evening
2474.19172,28,0.89,7.2,0,Mumbai,Evening
2470.639759,28,0.84,7.7,0,Mumbai,Evening
2422.105482,28,0.89,5.7,0,Mumbai,Evening
2364.704567,28,0.89,5.7,0,Mumbai,Evening
2269.287423,28,0.89,5.7,0,Mumbai,Evening
2188.660148,28,0.89,6.7,0,Mumbai,Night
2116.762197,28,0.89,5.7,0,Mumbai,Night
2050.815042,28,0.84,5.7,0,Mumbai,Night
1972.826381,28,0.84,5.1,0,Mumbai,Night
1890.515968,26,0.94,4.6,0,Mumbai,Night
1792.432123,27,0.89,5.1,1,Mumbai,Night
1707.382711,27,0.89,7.2,1,Mumbai,Night
1644.75918,27,0.89,5.7,1,Mumbai,Night
1593.878602,27,0.89,5.1,1,Mumbai,Night
1555.990326,26,0.94,6.7,1,Mumbai,Night
1522.304692,26,0.94,6.2,1,Mumbai,Night
1500.836367,26,0.94,6.2,1,Mumbai,Night
1483.006346,25,0.94,10.3,1,Mumbai,Night
1479.248934,27,0.94,6.2,1,Mumbai,Night
1479.863726,27,0.94,6.7,1,Mumbai,Morning
1513.453136,27,0.94,6.2,1,Mumbai,Morning
1557.227192,28,0.84,8.7,1,Mumbai,Morning
1591.790804,28,0.84,6.7,1,Mumbai,Morning
1616.339332,27,0.89,6.2,1,Mumbai,Morning
1680.613752,28,0.84,5.7,1,Mumbai,Morning
1769.55477,28,0.84,7.2,1,Mumbai,Morning
1882.41964,28,0.84,7.7,1,Mumbai,Morning
2016.859461,28,0.84,6.2,1,Mumbai,Morning
2157.785811,28,0.84,6.2,1,Mumbai,Morning
2301.711224,28,0.84,6.2,1,Mumbai,Morning
2398.214397,27,0.89,7.2,1,Mumbai,Morning
2465.15968,28,0.89,5.1,1,Mumbai,Morning
2509.590138,28,0.84,6.2,1,Mumbai,Morning
2535.64444,29,0.84,4.6,1,Mumbai,Afternoon
2521.875585,29,0.79,5.1,1,Mumbai,Afternoon
2500.617913,29,0.84,4.6,1,Mumbai,Afternoon
2418.486945,27,0.89,6.2,1,Mumbai,Afternoon
2378.067721,28,0.84,4.1,1,Mumbai,Afternoon
2388.526995,28,0.89,5.1,1,Mumbai,Afternoon
2369.87777,28,0.89,5.7,1,Mumbai,Afternoon
2344.672319,29,0.84,5.1,1,Mumbai,Afternoon
2329.100697,28,0.89,7.2,1,Mumbai,Afternoon
2316.902632,28,0.89,5.7,1,Mumbai,Afternoon
2309.380006,28,0.89,6.7,1,Mumbai,Afternoon
2294.814314,28,0.89,6.2,1,Mumbai,Afternoon
2278.30646,28,0.89,6.2,1,Mumbai,Evening
2248.672111,28,0.84,6.2,1,Mumbai,Evening
2239.210444,28,0.84,6.2,1,Mumbai,Evening
2272.433163,27,0.89,7.2,1,Mumbai,Evening
2313.012067,27,0.89,5.1,1,Mumbai,Evening
2300.487881,28,0.84,6.7,1,Mumbai,Evening
2271.316967,28,0.84,5.7,1,Mumbai,Evening
2206.93488,28,0.84,5.7,1,Mumbai,Evening
2140.570582,28,0.84,6.2,1,Mumbai,Night
2063.055758,26,0.94,7.2,1,Mumbai,Night
2008.541038,27,0.89,6.2,1,Mumbai,Night
1951.802767,27,0.89,4.6,1,Mumbai,Night
1887.669822,28,0.84,6.2,1,Mumbai,Night
1799.641631,27,0.89,5.7,1,Mumbai,Night
1721.427754,28,0.84,5.7,1,Mumbai,Night
1666.116717,28,0.84,5.7,1,Mumbai,Night
1619.744097,28,0.84,4.6,1,Mumbai,Night
1581.190055,27,0.89,4.1,1,Mumbai,Night
1548.921773,27,0.89,5.7,1,Mumbai,Night
1521.279517,28,0.84,7.2,1,Mumbai,Night
1497.874233,27,0.89,5.7,1,Mumbai,Night
1493.376677,27,0.89,6.2,1,Mumbai,Night
1495.558098,27,0.89,5.7,1,Mumbai,Morning
1527.029023,27,0.89,5.7,1,Mumbai,Morning
1548.805264,27,0.89,4.1,1,Mumbai,Morning
1552.715593,28,0.84,3.6,1,Mumbai,Morning
1553.066681,27,0.89,6.2,1,Mumbai,Morning
1585.430147,28,0.84,7.2,1,Mumbai,Morning
1631.344533,28,0.84,4.1,1,Mumbai,Morning
1692.768126,28,0.84,6.2,1,Mumbai,Morning
1763.623219,28,0.84,5.1,1,Mumbai,Morning
1839.090815,29,0.79,5.1,1,Mumbai,Morning
1916.517736,29,0.79,4.1,1,Mumbai,Morning
1978.919692,29,0.79,6.2,1,Mumbai,Morning
2035.047332,29,0.74,6.7,1,Mumbai,Morning
2064.370644,29,0.74,6.7,1,Mumbai,Morning
2077.140851,29,0.79,5.7,1,Mumbai,Afternoon
2064.652554,29,0.79,6.2,1,Mumbai,Afternoon
2037.564236,29,0.84,6.2,1,Mumbai,Afternoon
1995.892541,30,0.79,7.2,1,Mumbai,Afternoon
1952.832622,30,0.74,6.7,1,Mumbai,Afternoon
1924.551649,30,0.74,5.1,1,Mumbai,Afternoon
1890.423385,30,0.74,6.7,1,Mumbai,Afternoon
1864.777385,30,0.74,6.2,1,Mumbai,Afternoon
1830.690211,30,0.74,5.1,1,Mumbai,Afternoon
1815.537293,29,0.84,6.2,1,Mumbai,Afternoon
1804.444502,30,0.74,6.2,1,Mumbai,Afternoon
1798.310621,29,0.79,4.6,1,Mumbai,Afternoon
1804.744097,29,0.79,6.2,1,Mumbai,Evening
1819.035681,28,0.84,6.7,1,Mumbai,Evening
1859.841361,28,0.84,3.6,1,Mumbai,Evening
1936.448559,28,0.84,5.1,1,Mumbai,Evening
2004.088214,28,0.84,6.2,1,Mumbai,Evening
2022.98242,28,0.84,4.1,1,Mumbai,Evening
2018.896286,28,0.84,4.1,1,Mumbai,Evening
2000.696973,28,0.84,5.1,1,Mumbai,Evening
1980.124831,28,0.84,5.1,1,Mumbai,Night
1946.355456,28,0.84,5.1,1,Mumbai,Night
1915.378654,28,0.84,6.2,1,Mumbai,Night
1858.376677,28,0.84,6.7,1,Mumbai,Night
1804.422137,28,0.84,6.2,1,Mumbai,Night
1761.725788,28,0.84,5.1,0,Mumbai,Night
1682.392593,28,0.84,5.1,0,Mumbai,Night
1620.744305,28,0.84,5.1,0,Mumbai,Night
1569.682201,28,0.84,5.1,0,Mumbai,Night
1533.285655,28,0.84,6.2,0,Mumbai,Night
1501.97441,28,0.84,6.2,0,Mumbai,Night
1479.59794,27,0.89,4.1,0,Mumbai,Night
1463.66951,28,0.89,4.6,0,Mumbai,Night
1458.201914,28,0.84,5.1,0,Mumbai,Night
1460.794237,28,0.84,6.2,0,Mumbai,Morning
1510.773432,28,0.84,4.6,0,Mumbai,Morning
1582.123687,28,0.84,6.2,0,Mumbai,Morning
1660.115989,28,0.84,6.2,0,Mumbai,Morning
1730.811401,28,0.84,4.6,0,Mumbai,Morning
1817.610007,28,0.84,4.6,0,Mumbai,Morning
1925.936752,28,0.84,6.2,0,Mumbai,Morning
2079.732654,28,0.84,4.1,0,Mumbai,Morning
2269.174035,28,0.84,4.6,0,Mumbai,Morning
2449.663477,28,0.84,5.1,0,Mumbai,Morning
2593.180589,29,0.79,3.6,0,Mumbai,Morning
2682.890357,29,0.84,5.1,0,Mumbai,Morning
2757.957453,29,0.79,3.6,0,Mumbai,Morning
2784.199521,29,0.79,4.6,0,Mumbai,Morning
2795.268907,29,0.84,6.2,0,Mumbai,Afternoon
2760.500884,29,0.84,6.2,0,Mumbai,Afternoon
2717.165817,29,0.84,5.1,0,Mumbai,Afternoon
2635.379174,29,0.84,7.7,0,Mumbai,Afternoon
2602.125767,30,0.79,7.7,0,Mumbai,Afternoon
2601.61448,29,0.84,8.2,0,Mumbai,Afternoon
2608.948299,29,0.79,5.1,0,Mumbai,Afternoon
2612.207948,30,0.74,5.7,0,Mumbai,Afternoon
2602.968376,30,0.74,6.7,0,Mumbai,Afternoon
2596.081868,29,0.84,4.6,0,Mumbai,Afternoon
2577.502861,29,0.79,4.1,0,Mumbai,Afternoon
2548.288776,29,0.84,6.7,0,Mumbai,Afternoon
2510.049412,29,0.84,6.2,0,Mumbai,Evening
2472.928846,28,0.84,6.7,0,Mumbai,Evening
2449.864246,28,0.84,7.2,0,Mumbai,Evening
2449.053365,28,0.84,6.7,0,Mumbai,Evening
2447.857589,28,0.84,5.7,0,Mumbai,Evening
2404.901696,28,0.84,6.7,0,Mumbai,Evening
2348.855196,28,0.84,7.2,0,Mumbai,Evening
2257.25996,28,0.84,4.6,0,Mumbai,Evening
2178.521273,28,0.84,6.2,0,Mumbai,Night
2105.679288,28,0.84,6.7,0,Mumbai,Night
2039.386248,28,0.84,6.2,0,Mumbai,Night
1962.161656,28,0.84,7.7,0,Mumbai,Night
1882.775408,28,0.84,5.1,0,Mumbai,Night
1821.685218,28,0.84,4.1,0,Mumbai,Night
1731.397066,28,0.84,4.1,0,Mumbai,Night
1664.887132,28,0.84,4.1,0,Mumbai,Night
1607.347862,28,0.84,5.1,0,Mumbai,Night
1568.058358,28,0.84,6.7,0,Mumbai,Night
1536.89431,28,0.84,5.1,0,Mumbai,Night
1515.700614,28,0.84,6.2,0,Mumbai,Night
1497.279725,28,0.84,5.1,0,Mumbai,Night
1489.256216,28,0.84,6.2,0,Mumbai,Night
1490.155519,28,0.84,5.7,0,Mumbai,Morning
1534.805992,28,0.84,6.2,0,Mumbai,Morning
1616.2093,28,0.84,6.2,0,Mumbai,Morning
1702.194944,28,0.84,6.2,0,Mumbai,Morning
1766.501092,28,0.84,5.7,0,Mumbai,Morning
1859.109019,28,0.84,7.2,0,Mumbai,Morning
1971.04962,28,0.84,6.7,0,Mumbai,Morning
2120.493602,28,0.84,6.7,0,Mumbai,Morning
2285.502445,28,0.84,7.2,0,Mumbai,Morning
2469.237491,28,0.84,5.7,0,Mumbai,Morning
2620.990846,29,0.79,6.7,0,Mumbai,Morning
2693.567045,30,0.79,7.2,0,Mumbai,Morning
2731.025174,30,0.74,7.2,0,Mumbai,Morning
2749.645792,30,0.79,7.2,0,Mumbai,Morning
2768.995631,27,0.89,6.7,0,Mumbai,Afternoon
2764.602621,28,0.89,6.2,0,Mumbai,Afternoon
2742.708832,29,0.84,6.2,0,Mumbai,Afternoon
2662.78425,29,0.84,8.2,0,Mumbai,Afternoon
2627.362426,29,0.84,6.2,0,Mumbai,Afternoon
2641.623323,29,0.84,7.2,0,Mumbai,Afternoon
2651.277437,29,0.79,7.7,0,Mumbai,Afternoon
2644.703006,30,0.74,6.7,0,Mumbai,Afternoon
2635.033808,29,0.79,5.1,0,Mumbai,Afternoon
2628.582128,29,0.79,6.2,0,Mumbai,Afternoon
2610.384375,29,0.79,6.2,0,Mumbai,Afternoon
2577.191824,29,0.79,5.1,0,Mumbai,Afternoon
2540.677728,29,0.79,5.7,0,Mumbai,Evening
2495.500884,28,0.84,4.6,0,Mumbai,Evening
2465.302195,28,0.84,4.6,0,Mumbai,Evening
2470.818683,27,0.89,3.6,0,Mumbai,Evening
2465.409862,27,0.89,5.1,0,Mumbai,Evening
2415.650681,27,0.84,8.2,0,Mumbai,Evening
2362.848226,27,0.89,5.1,0,Mumbai,Evening
2288.378758,27,0.94,4.1,0,Mumbai,Evening
2214.316551,28,0.84,5.7,0,Mumbai,Night
2135.680329,28,0.84,5.1,0,Mumbai,Night
2069.129824,28,0.84,6.2,0,Mumbai,Night
1994.238011,28,0.84,4.6,0,Mumbai,Night
1909.507438,28,0.84,5.7,0,Mumbai,Night
1850.222615,28,0.84,6.2,0,Mumbai,Night
1762.465411,28,0.84,4.6,0,Mumbai,Night
1700.107667,28,0.84,5.7,0,Mumbai,Night
1639.740976,28,0.84,5.7,0,Mumbai,Night
1599.708728,28,0.84,6.2,0,Mumbai,Night
1569.304067,28,0.84,6.7,0,Mumbai,Night
1546.872985,28,0.84,7.2,0,Mumbai,Night
1531.736711,28,0.84,7.2,0,Mumbai,Night
1525.20077,27,0.84,7.7,0,Mumbai,Night
1526.795485,28,0.84,5.7,0,Mumbai,Morning
1575.532092,26,0.89,9.3,0,Mumbai,Morning
1633.999792,27,0.89,5.1,0,Mumbai,Morning
1720.344325,28,0.84,6.7,0,Mumbai,Morning
1782.173099,28,0.84,7.2,0,Mumbai,Morning
1866.148965,27,0.89,6.7,0,Mumbai,Morning
1988.166025,27,0.94,5.7,0,Mumbai,Morning
2146.641527,28,0.84,5.1,0,Mumbai,Morning
2310.261105,28,0.84,4.6,0,Mumbai,Morning
2476.905753,29,0.79,4.6,0,Mumbai,Morning
2623.018309,29,0.84,6.7,0,Mumbai,Morning
2695.474878,29,0.79,5.1,0,Mumbai,Morning
2751.135962,29,0.79,5.1,0,Mumbai,Morning
2778.34547,29,0.79,7.2,0,Mumbai,Morning
2796.342453,30,0.74,7.2,0,Mumbai,Afternoon
2784.940705,30,0.74,9.3,0,Mumbai,Afternoon
2763.300739,29,0.79,9.3,0,Mumbai,Afternoon
2673.986789,30,0.74,9.3,0,Mumbai,Afternoon
2639.128264,30,0.74,7.7,0,Mumbai,Afternoon
2661.973369,29,0.79,7.7,0,Mumbai,Afternoon
2665.979923,29,0.79,7.2,0,Mumbai,Afternoon
2663.828149,29,0.79,6.2,0,Mumbai,Afternoon
2654.594299,29,0.79,5.7,0,Mumbai,Afternoon
2644.950588,29,0.79,5.1,0,Mumbai,Afternoon
2629.050244,29,0.74,6.2,0,Mumbai,Afternoon
2601.40955,28,0.79,5.1,0,Mumbai,Afternoon
2562.184022,27,0.89,5.1,0,Mumbai,Evening
2523.283054,28,0.84,4.1,0,Mumbai,Evening
2504.493914,28,0.84,5.1,0,Mumbai,Evening
2505.993967,28,0.79,4.1,0,Mumbai,Evening
2487.37959,28,0.79,4.1,0,Mumbai,Evening
2422.714033,28,0.84,4.1,0,Mumbai,Evening
2365.732862,28,0.79,4.6,0,Mumbai,Evening
2291.316446,28,0.84,3.6,0,Mumbai,Evening
2228.232602,28,0.84,3.6,0,Mumbai,Night
2158.494227,28,0.84,3.6,0,Mumbai,Night
2104.605222,28,0.84,4.1,0,Mumbai,Night
2033.818267,28,0.84,3.6,0,Mumbai,Night
1941.141163,28,0.84,3.6,0,Mumbai,Night
